category,n,column,view_id
10,868,s01a_03,salud_general_persona
14,819,s01a_03,salud_general_persona
12,817,s01a_03,salud_general_persona
8,783,s01a_03,salud_general_persona
16,758,s01a_03,salud_general_persona
17,756,s01a_03,salud_general_persona
15,751,s01a_03,salud_general_persona
13,745,s01a_03,salud_general_persona
11,740,s01a_03,salud_general_persona
9,732,s01a_03,salud_general_persona
7,728,s01a_03,salud_general_persona
18,701,s01a_03,salud_general_persona
24,698,s01a_03,salud_general_persona
6,697,s01a_03,salud_general_persona
30,696,s01a_03,salud_general_persona
25,691,s01a_03,salud_general_persona
35,654,s01a_03,salud_general_persona
5,653,s01a_03,salud_general_persona
4,638,s01a_03,salud_general_persona
28,633,s01a_03,salud_general_persona
22,629,s01a_03,salud_general_persona
3,614,s01a_03,salud_general_persona
26,610,s01a_03,salud_general_persona
20,605,s01a_03,salud_general_persona
38,601,s01a_03,salud_general_persona
40,595,s01a_03,salud_general_persona
45,594,s01a_03,salud_general_persona
27,590,s01a_03,salud_general_persona
21,587,s01a_03,salud_general_persona
23,584,s01a_03,salud_general_persona
