view_id,file,unit,n,filter,caveat,inferential_status
demografia_persona,demografia_persona.csv,persona,39497,Todos los registros persona,"Todas las 39.497 personas; claves y diseño muestral se retienen como contexto, no se certifica inferencia.",not certified; confirm design/weights and use domain estimation where applicable
salud_general_persona,salud_general_persona.csv,persona,39497,Todos los registros persona,Conserva el universo general; los submódulos S02B/C/D tienen universos distintos y sus ausencias no son equivalentes.,not certified; confirm design/weights and use domain estimation where applicable
salud_fecundidad_mujeres_13_50,salud_fecundidad_mujeres_13_50.csv,persona,11328,"s01a_02=2 y edad s01a_03 entre 13 y 50, ambos inclusive",Filtro documentado en DDI; el resto no pertenece al denominador de fecundidad.,not certified; confirm design/weights and use domain estimation where applicable
salud_asistencia_infantil_menores_6,salud_asistencia_infantil_menores_6.csv,persona,3434,Edad s01a_03 < 6,Universo DDI de asistencia a centro infantil; no interpretar ausencias fuera del corte como falta de respuesta.,not certified; confirm design/weights and use domain estimation where applicable
salud_bono_menores_5,salud_bono_menores_5.csv,persona,2781,Edad s01a_03 < 5,Vista del submódulo infantil según corte DDI; revisar cortes por pregunta dentro de la sección.,not certified; confirm design/weights and use domain estimation where applicable
educacion_personas_4_mas,educacion_personas_4_mas.csv,persona,37354,Edad s01a_03 >= 4,Universo general de educación según DDI; Parte B/C puede imponer cortes más específicos.,not certified; confirm design/weights and use domain estimation where applicable
empleo_personas_7_mas,empleo_personas_7_mas.csv,persona,35366,Edad s01a_03 >= 7,Universo general de empleo; cada pregunta de ocupación/ingresos puede imponer filtros adicionales.,not certified; confirm design/weights and use domain estimation where applicable
empleo_secundario_casos,empleo_secundario_casos.csv,persona,1357,s04e_25=1 OR any nonmissing s04e/s04f field; retain exceptions for review,"Not a clean eligible-only sample: contains all affirmative cases and any reported secondary-work data, including filter conflicts. Use only rows with confirmed eligibility for estimates.",not certified; confirm design/weights and use domain estimation where applicable
ingresos_no_laborales_persona,ingresos_no_laborales_persona.csv,persona,39497,Todos los registros persona,Row-level extract only; item-level questionnaire universes differ. No household aggregation or estimate is implied.,not certified; confirm design/weights and use domain estimation where applicable
ingresos_pobreza_persona,ingresos_pobreza_persona.csv,persona,39497,Todos los registros persona,"Incluye variables personales y de hogar repetidas por persona. No calcular promedios ni intervalos sin definir unidad, ponderador y diseño.",not certified; confirm design/weights and use domain estimation where applicable
hogar_resumen_persona_candidato,hogar_resumen_persona_candidato.csv,hogar,12718,Una fila por folio; solo campos invariantes dentro del folio,"If copies have missing markers but one unique observed value, the household view uses that value and audits the coalescing; person-level master is unchanged. person_records_in_source counts source rows and does not substitute totper, whose local definition/provenance still requires confirmation.",not certified; confirm design/weights and use domain estimation where applicable
