"variable","section","global_incomplete_or_malformed_pct","ddi_universe","ddi_pre_question_text","universe_audit_status","next_audit_action","previous_run_action","source_value_changes","local_eligible_n","local_answered_n","local_missing_eligible_n","local_eligibility_basis"
"s01a_07_3","Sección 1: Características generales del hogar y sus miembros","98.6252","Todos los miembros del hogar","","UNIVERSE_PENDING","Retain in master; identify and validate eligible universe before any L-80 decision.","Excluded from candidate by global L-80; raw untouched","None in this audit; data/persona.csv remains read-only","","","",""
"s01b_11b","Sección 1: Características generales del hogar y sus miembros","95.9541","Todos los miembros del hogar","","UNIVERSE_PENDING","Retain in master; identify and validate eligible universe before any L-80 decision.","Excluded from candidate by global L-80; raw untouched","None in this audit; data/persona.csv remains read-only","","","",""
"s01b_11c","Sección 1: Características generales del hogar y sus miembros","95.9541","Todos los miembros del hogar","","UNIVERSE_PENDING","Retain in master; identify and validate eligible universe before any L-80 decision.","Excluded from candidate by global L-80; raw untouched","None in this audit; data/persona.csv remains read-only","","","",""
"s01b_11d","Sección 1: Características generales del hogar y sus miembros","95.9541","Todos los miembros del hogar","","UNIVERSE_PENDING","Retain in master; identify and validate eligible universe before any L-80 decision.","Excluded from candidate by global L-80; raw untouched","None in this audit; data/persona.csv remains read-only","","","",""
"s01b_11e","Sección 1: Características generales del hogar y sus miembros","99.6202","Todos los miembros del hogar","","UNIVERSE_PENDING","Retain in master; identify and validate eligible universe before any L-80 decision.","Excluded from candidate by global L-80; raw untouched","None in this audit; data/persona.csv remains read-only","","","",""
"s01b_12","Sección 1: Características generales del hogar y sus miembros","95.5743","Todos los miembros del hogar","","UNIVERSE_PENDING","Retain in master; identify and validate eligible universe before any L-80 decision.","Excluded from candidate by global L-80; raw untouched","None in this audit; data/persona.csv remains read-only","","","",""
"s01b_12e","Sección 1: Características generales del hogar y sus miembros","99.9544","Todos los miembros del hogar","","UNIVERSE_PENDING","Retain in master; identify and validate eligible universe before any L-80 decision.","Excluded from candidate by global L-80; raw untouched","None in this audit; data/persona.csv remains read-only","","","",""
"s01b_13a","Sección 1: Características generales del hogar y sus miembros","95.5743","Todos los miembros del hogar","","UNIVERSE_PENDING","Retain in master; identify and validate eligible universe before any L-80 decision.","Excluded from candidate by global L-80; raw untouched","None in this audit; data/persona.csv remains read-only","","","",""
"s01b_13b","Sección 1: Características generales del hogar y sus miembros","95.5743","Todos los miembros del hogar","","UNIVERSE_PENDING","Retain in master; identify and validate eligible universe before any L-80 decision.","Excluded from candidate by global L-80; raw untouched","None in this audit; data/persona.csv remains read-only","","","",""
"s02a_01b","Sección 2: Salud","99.8126","Todos los miembros del hogar","","UNIVERSE_PENDING","Do not treat global missingness as eligible missingness; identify the second-coverage-slot gate from the local questionnaire before scoring.","Excluded from candidate by global L-80; raw untouched","None in this audit; data/persona.csv remains read-only","","","","All-row profile only: 39,497 rows; 74 observed, 39,423 technically missing. No eligibility mask confirmed."
"s02a_01e","Sección 2: Salud","99.9949","Todos los miembros del hogar","Respuesta a opción(es) ' 4. Otro (Especifique) ' en Sección 2, pregunta 1.","LOCAL_RULE_CHECKED_DDI_MATCH","Retain; monitor two other-specification responses against either coverage slot code 4.","Excluded from candidate by global L-80; raw untouched","None in this audit; data/persona.csv remains read-only","2","2","0","DDI says specify option 4; local mask s02a_01a=4 OR s02a_01b=4."
"s02a_02he","Sección 2: Salud","99.9848","Todos los miembros del hogar","En los últimos 12 meses, por problemas de salud, ¿acudio o se atendió en ... H. Otro (especifique)? 1. SI","LOCAL_RULE_CHECKED_DDI_MATCH","Retain; monitor against s02a_02h=1.","Excluded from candidate by global L-80; raw untouched","None in this audit; data/persona.csv remains read-only","6","6","0","DDI pre-question maps to yes on s02a_02h."
"s02a_05","Sección 2: Salud","89.7106","Todos los miembros del hogar","","LOCAL_PATTERN_PENDING_CONFIRMATION","Retain; confirm the disability-system question skip in the edition-specific questionnaire.","Excluded from candidate by global L-80; raw untouched","None in this audit; data/persona.csv remains read-only","4064","4064","0","Hypothesis only: all 4,064 rows with any s02a_04a..d in {2,3,4} have response; DDI lists all members and no explicit pre-question."
"s02b_06b","Sección 2: Salud","83.6545","Mujeres entre 13 y 50 años","¿Esta o estuvo alguna vez embarazada? 1. Si, actualmente embarazada 2. Si, estuvo embarazada","LOCAL_RULE_CHECKED_DDI_MATCH","Retain in master; reconcile source version before promoting this provisional mask to production.","Excluded from candidate by global L-80; raw untouched","None in this audit; data/persona.csv remains read-only","6456","6456","0","s02b_06 in {1,2}; local sequence, provisional until questionnaire edition reconciled"
"s02b_07","Sección 2: Salud","83.6545","Mujeres entre 13 y 50 años","","LOCAL_RULE_CHECKED_DDI_MATCH","Retain in master; reconcile source version before promoting this provisional mask to production.","Excluded from candidate by global L-80; raw untouched","None in this audit; data/persona.csv remains read-only","6456","6456","0","s02b_06 in {1,2}; local sequence, provisional until questionnaire edition reconciled"
"s02b_08","Sección 2: Salud","83.9507","Mujeres entre 13 y 50 años","","LOCAL_RULE_CHECKED_DDI_MATCH","Retain in master; reconcile source version before promoting this provisional mask to production.","Excluded from candidate by global L-80; raw untouched","None in this audit; data/persona.csv remains read-only","6339","6339","0","s02b_07 > 0; local sequence"
"s02b_09a","Sección 2: Salud","83.9507","Mujeres entre 13 y 50 años","","LOCAL_RULE_CHECKED_DDI_MATCH","Retain in master; reconcile source version before promoting this provisional mask to production.","Excluded from candidate by global L-80; raw untouched","None in this audit; data/persona.csv remains read-only","6339","6339","0","s02b_07 > 0; local sequence"
"s02b_09b","Sección 2: Salud","83.9507","Mujeres entre 13 y 50 años","","LOCAL_RULE_CHECKED_DDI_MATCH","Retain in master; reconcile source version before promoting this provisional mask to production.","Excluded from candidate by global L-80; raw untouched","None in this audit; data/persona.csv remains read-only","6339","6339","0","s02b_07 > 0; local sequence; local count differs from F27"
"s02b_10","Sección 2: Salud","93.1362","Mujeres entre 13 y 50 años","¿En qué mes y año nació su última hija o hijo nacido vivo? (aunque después haya muerto) Año Si nació a partir de 2017, continue con las siguientes preguntas","DDI_CONFLICT_REQUIRES_PROVENANCE","Do not apply an eligibility mask; reconcile variable label, precondition and questionnaire edition with the local microdata.","Excluded from candidate by global L-80; raw untouched","None in this audit; data/persona.csv remains read-only","3452","2711","741","Sensitivity only, local cutoff year >=2017; official F27 says >2020; not a confirmed denominator"
"s02b_10e","Sección 2: Salud","99.9949","Mujeres entre 13 y 50 años","¿Quién atendió su último parto? 8. OTRA PERSONA (ESPECIFIQUE)","LOCAL_RULE_CHECKED_DDI_MATCH","Retain in master; reconcile source version before promoting this provisional mask to production.","Excluded from candidate by global L-80; raw untouched","None in this audit; data/persona.csv remains read-only","2","2","0","s02b_10 = 8; two local eligible responses"
"s02b_11","Sección 2: Salud","83.6545","Mujeres entre 13 y 50 años","¿Cuántas hijas e hijos nacidos vivos ha tenido? (aunque después hayan muerto) Si no tuvo anote ""00""","DDI_PRECONDITION_NEEDS_MAPPING","Official ficha confirms prior-question text about live births; determine whether it is context or an actual skip condition from the questionnaire before coding a mask.","Excluded from candidate by global L-80; raw untouched","None in this audit; data/persona.csv remains read-only","6456","6456","0","Local pattern: 6,456 answers under s02b_06 in {1,2}; official F27 reports 6,334 valid; provisional branch, questionnaire check pending"
"s02b_12a1","Sección 2: Salud","92.2095","Mujeres entre 13 y 50 años","En su último embarazo, ¿se ha inscrito al Bono Juana Azurduy (BJA)? 1. SI","LOCAL_RULE_CHECKED_DDI_MATCH","Retain in master; reconcile source version before promoting this provisional mask to production.","Excluded from candidate by global L-80; raw untouched","None in this audit; data/persona.csv remains read-only","3077","3077","0","s02b_11 = 1; DDI precondition"
"s02b_12a2","Sección 2: Salud","98.9695","Mujeres entre 13 y 50 años","En los últimos 12 meses, ¿cobró usted el Bono Juana Azurduy por: A. Controles prenatales realizados? 1.SI","LOCAL_RULE_CHECKED_DDI_MATCH","Retain in master; reconcile source version before promoting this provisional mask to production.","Excluded from candidate by global L-80; raw untouched","None in this audit; data/persona.csv remains read-only","407","407","0","s02b_12a1 = 1; local nested response"
"s02b_12b","Sección 2: Salud","92.2095","Mujeres entre 13 y 50 años","En su último embarazo, ¿se ha inscrito al Bono Juana Azurduy (BJA)?","LOCAL_RULE_CHECKED_DDI_MATCH","Retain in master; reconcile source version before promoting this provisional mask to production.","Excluded from candidate by global L-80; raw untouched","None in this audit; data/persona.csv remains read-only","3077","3077","0","s02b_11 = 1; DDI precondition"
"s02b_13","Sección 2: Salud","92.2095","Mujeres entre 13 y 50 años","","UNIVERSE_PENDING","Local response count matches BJA-yes count but this is only a pattern; identify questionnaire route before assigning an eligible denominator.","Excluded from candidate by global L-80; raw untouched","None in this audit; data/persona.csv remains read-only","","","","No explicit pre-question in DDI; observed count pattern is not proof of universe"
"s02b_14","Sección 2: Salud","94.7414","Mujeres entre 13 y 50 años","","UNIVERSE_PENDING","Profile eligible universe and check questionnaire sequence; local counts: 2,077 observed (382 yes, 1,695 no) among 11,328 women 13–50.","Excluded from candidate by global L-80; raw untouched","None in this audit; data/persona.csv remains read-only","11328","2077","9251","DDI universe women 13–50; no explicit pre-question; counts are coverage, not confirmed skip-adjusted missingness"
"s02b_14a","Sección 2: Salud","99.0328","Mujeres entre 13 y 50 años","En su último embarazo, ¿recibió el Subsidio Universal Prenatal por la vida (de Bs. 300)? 1. SI","DDI_PRECONDITION_NEEDS_MAPPING","Official pre-question points to s02b_13=1, but local s02b_14=1 has 382/382 month values; verify exact question sequence and branch in questionnaire before treating s02b_14=2 as structural skip.","Excluded from candidate by global L-80; raw untouched","None in this audit; data/persona.csv remains read-only","2077","382","1695","Under DDI pre-question candidate s02b_13=1: 2,077 / 382 / 1,695. Alternative local branch s02b_14=1: 382 / 382 / 0; production denominator unresolved"
"s02c_15","Sección 2: Salud","91.3057","Menores de 6 años","","LOCAL_RULE_CHECKED_DDI_MATCH","Retain; denominator is children under six.","Excluded from candidate by global L-80; raw untouched","None in this audit; data/persona.csv remains read-only","3434","3434","0","DDI universe under 6; local age mask from s01a_03."
"s02d_16","Sección 2: Salud","92.959","Menores de 5 años","","LOCAL_RULE_CHECKED_DDI_MATCH","Retain; denominator is children under five.","Excluded from candidate by global L-80; raw untouched","None in this audit; data/persona.csv remains read-only","2781","2781","0","DDI universe under 5; local age mask from s01a_03."
"s02d_17","Sección 2: Salud","95.6098","Menores de 5 años","","LOCAL_PATTERN_PENDING_CONFIRMATION","Retain; confirm the registration question branch in questionnaire.","Excluded from candidate by global L-80; raw untouched","None in this audit; data/persona.csv remains read-only","2781","1734","1047","DDI has no explicit gate; candidate s02d_16=1 yields 1,734 eligible and all answered; all others structurally blank hypothesis."
"s02d_17a","Sección 2: Salud","98.2657","Menores de 5 años","","LOCAL_PATTERN_PENDING_CONFIRMATION","Retain; confirm follow-up branch and valid domain in questionnaire.","Excluded from candidate by global L-80; raw untouched","None in this audit; data/persona.csv remains read-only","2781","685","2096","Candidate chain s02d_16=1 and s02d_17=1 yields 685/685 answered; inferred branch, not DDI-confirmed."
"s03a_03a","Sección 3: Educación","94.1844","Personas de 4 años o más de edad.","Esta pregunta se realiza a las personas que, en la pregunta 2 respondieron haber aprobado cursos de Técnico Medio; Técnico Superior; Educación Técnica de Adultos (ETA); y Otros Cursos (Duración menor a 2 años).","LOCAL_RULE_CHECKED_DDI_MATCH","Retain; calculate eligible completeness only for specified tertiary/technical level codes.","Excluded from candidate by global L-80; raw untouched","None in this audit; data/persona.csv remains read-only","2297","2297","0","DDI age >=4 and pre-question s03a_02a in {71,72,77,78}; local mask exact."
"s03a_03c","Sección 3: Educación","94.1844","Personas de 4 años o más de edad","Una vez registrado el nivel declarado por el informante, se registra el curso.","LOCAL_RULE_CHECKED_DDI_MATCH","Retain; same mapped technical-level branch; validate category domain separately.","Excluded from candidate by global L-80; raw untouched","None in this audit; data/persona.csv remains read-only","2297","2297","0","DDI age >=4 and pre-question s03a_02a in {71,72,77,78}; local mask exact."
"s03a_05e","Sección 3: Educación","99.1645","Personas de 4 años o más de edad","Si la persona declara que no se inscribió o matriculó, debe especificar la razón más importante. Si indica otra razón, debe especificar.","LOCAL_RULE_CHECKED_DDI_MATCH","Retain; map free-text other reason only where code 8.","Excluded from candidate by global L-80; raw untouched","None in this audit; data/persona.csv remains read-only","330","330","0","DDI other-specification gate mapped to s03a_05=8."
"s03b_11","Sección 3: Educación","92.8045","Personas de 4 años o más de edad","Si la persona indica que no se pasa clases actualmente, se pregunta por la razón más importante.","LOCAL_RULE_CHECKED_DDI_MATCH","Retain; assess reasons among non-attenders.","Excluded from candidate by global L-80; raw untouched","None in this audit; data/persona.csv remains read-only","2842","2842","0","DDI pre-question mapped to s03b_10=4 (does not currently attend)."
"s03b_11e","Sección 3: Educación","99.9063","Personas de 4 años o más de edad","Si señala que se debe a otros motivos que no se encuentran en las opciones pre determinadas, debe especificar.","LOCAL_RULE_CHECKED_DDI_MATCH","Retain; map other-reason text only for code 5.","Excluded from candidate by global L-80; raw untouched","None in this audit; data/persona.csv remains read-only","23","23","0","DDI other-specification gate mapped to s03b_11=5."
"s03b_12","Sección 3: Educación","99.8987","Personas de 4 años o más de edad","Si la persona indicó que no pasa clases actualmente, o por motivos de trabajo, por traslado de la familiar u otro motivo, se consulta si está de vacación, descanso pedagógico o receso.","DDI_PRECONDITION_NEEDS_MAPPING","Hold mapping; inspect questionnaire branch. Candidate mask covers 36 responses but 4 observed values fall outside it.","Excluded from candidate by global L-80; raw untouched","None in this audit; data/persona.csv remains read-only","36","36","0","Candidate s03b_10=4 and s03b_11 in {3,4,5}; 4 observed local values lie outside candidate mask, so not validated."
"s03c_17e","Sección 3: Educación","99.481","Personas de 5 años o más de edad.","Si la persona declara que utilizó en otro lugar que no están entre las opciones específicas, debe especificar.","LOCAL_RULE_CHECKED_DDI_MATCH","Retain; map other Internet-location text to code 7.","Excluded from candidate by global L-80; raw untouched","None in this audit; data/persona.csv remains read-only","205","205","0","DDI age >=5 and other-location flag s03c_17aa=7 OR s03c_17ab=7."
"s04a_02a","Sección 4: Empleo","99.4405","Personas de 7 años o más de edad","Respuesta a opción(es) ' 1,2 ' en Sección 4, pregunta 2.","DDI_PRECONDITION_NEEDS_MAPPING","Map quoted question and response codes to source columns; calculate local eligible denominator.","Excluded from candidate by global L-80; raw untouched","None in this audit; data/persona.csv remains read-only","","","",""
"s04a_06e","Sección 4: Empleo","99.8354","Personas de 7 años o más de edad","Respuesta a opción(es) ' 6. ¿Otro? (Especifique) ' en Sección 4, pregunta 6.","DDI_PRECONDITION_NEEDS_MAPPING","Map quoted question and response codes to source columns; calculate local eligible denominator.","Excluded from candidate by global L-80; raw untouched","None in this audit; data/persona.csv remains read-only","","","",""
"s04a_07e","Sección 4: Empleo","99.7848","Personas de 7 años o más de edad","Respuesta a opción(es) ' 10. POR OTRAS CAUSAS (Especifique) ' en Sección 4, pregunta 7.","DDI_PRECONDITION_NEEDS_MAPPING","Map quoted question and response codes to source columns; calculate local eligible denominator.","Excluded from candidate by global L-80; raw untouched","None in this audit; data/persona.csv remains read-only","","","",""
"s04b_13","Sección 4: Empleo","82.1429","Personas de 7 años o más de edad","Si respondieron las opciones 1, 2 o 7 de la pregunta 12 de la Sección 4 Parte B: En esta ocupacion usted trabaja como...","DDI_RULE_CHECKED_AGAINST_LOCAL","DDI s04b_12 in {1,2,7}; eligible=7054; answered=7053; missing=1; retain and create scoped analysis view.","Excluded from candidate by global L-80; raw untouched","None in this audit; data/persona.csv remains read-only","","","",""
"s04c_17a","Sección 4: Empleo","81.3505","Personas de 7 años o más de edad","ENCUESTADOR/A: PARA ASALARIADOS: SI RESPONDIÓ 1, 2, 8 DE LA PREG. 12.","DDI_RULE_CHECKED_AGAINST_LOCAL","DDI s04b_12 in {1,2,8}; eligible=7370; answered=7366; missing=4; retain and create scoped analysis view.","Excluded from candidate by global L-80; raw untouched","None in this audit; data/persona.csv remains read-only","","","",""
"s04c_17b","Sección 4: Empleo","81.3505","Personas de 7 años o más de edad","","UNIVERSE_PENDING","Retain in master; identify and validate eligible universe before any L-80 decision.","Excluded from candidate by global L-80; raw untouched","None in this audit; data/persona.csv remains read-only","","","",""
"s04c_18a","Sección 4: Empleo","81.3429","Personas de 7 años o más de edad","","UNIVERSE_PENDING","Retain in master; identify and validate eligible universe before any L-80 decision.","Excluded from candidate by global L-80; raw untouched","None in this audit; data/persona.csv remains read-only","","","",""
"s04c_18b","Sección 4: Empleo","81.3631","Personas de 7 años o más de edad","","UNIVERSE_PENDING","Retain in master; identify and validate eligible universe before any L-80 decision.","Excluded from candidate by global L-80; raw untouched","None in this audit; data/persona.csv remains read-only","","","",""
"s04c_19aa","Sección 4: Empleo","81.3454","Personas de 7 años o más de edad","","UNIVERSE_PENDING","Retain in master; identify and validate eligible universe before any L-80 decision.","Excluded from candidate by global L-80; raw untouched","None in this audit; data/persona.csv remains read-only","","","",""
"s04c_19ab","Sección 4: Empleo","98.2809","Personas de 7 años o más de edad","","UNIVERSE_PENDING","Retain in master; identify and validate eligible universe before any L-80 decision.","Excluded from candidate by global L-80; raw untouched","None in this audit; data/persona.csv remains read-only","","","",""
"s04c_19ba","Sección 4: Empleo","81.3429","Personas de 7 años o más de edad","","UNIVERSE_PENDING","Retain in master; identify and validate eligible universe before any L-80 decision.","Excluded from candidate by global L-80; raw untouched","None in this audit; data/persona.csv remains read-only","","","",""
"s04c_19bb","Sección 4: Empleo","99.1063","Personas de 7 años o más de edad","","UNIVERSE_PENDING","Retain in master; identify and validate eligible universe before any L-80 decision.","Excluded from candidate by global L-80; raw untouched","None in this audit; data/persona.csv remains read-only","","","",""
"s04c_20a1","Sección 4: Empleo","81.3404","Personas de 7 años o más de edad","","UNIVERSE_PENDING","Retain in master; identify and validate eligible universe before any L-80 decision.","Excluded from candidate by global L-80; raw untouched","None in this audit; data/persona.csv remains read-only","","","",""
"s04c_20a2","Sección 4: Empleo","99.6886","Personas de 7 años o más de edad","Si respondieron la opción 1.Si de la pregunta 20a de la Sección 4 Parte C:Durante los últimos doce meses, ¿recibió usted: A. Subsidio prenatal o de lactancia (Cajas de Salud)?","DDI_PRECONDITION_NEEDS_MAPPING","Map quoted question and response codes to source columns; calculate local eligible denominator.","Excluded from candidate by global L-80; raw untouched","None in this audit; data/persona.csv remains read-only","","","",""
"s04c_20b","Sección 4: Empleo","81.3404","Personas de 7 años o más de edad","Proviene de la pregunta 20a de la Sección 4 Parte C: Durante los últimos doce meses, ¿recibió usted: A. Subsidio prenatal o de lactancia (Cajas de Salud)? N° de Meses","DDI_PRECONDITION_NEEDS_MAPPING","Map quoted question and response codes to source columns; calculate local eligible denominator.","Excluded from candidate by global L-80; raw untouched","None in this audit; data/persona.csv remains read-only","","","",""
"s04c_20a_1","Sección 4: Empleo","81.3404","Personas de 7 años o más de edad","","UNIVERSE_PENDING","Retain in master; identify and validate eligible universe before any L-80 decision.","Excluded from candidate by global L-80; raw untouched","None in this audit; data/persona.csv remains read-only","","","",""
"s04c_20a_2","Sección 4: Empleo","81.3404","Personas de 7 años o más de edad","","UNIVERSE_PENDING","Retain in master; identify and validate eligible universe before any L-80 decision.","Excluded from candidate by global L-80; raw untouched","None in this audit; data/persona.csv remains read-only","","","",""
"s04c_21a","Sección 4: Empleo","81.3404","Personas de 7 años o más de edad","","UNIVERSE_PENDING","Retain in master; identify and validate eligible universe before any L-80 decision.","Excluded from candidate by global L-80; raw untouched","None in this audit; data/persona.csv remains read-only","","","",""
"s04c_21a1","Sección 4: Empleo","96.2655","Personas de 7 años o más de edad","Respuesta a opción(es) ' 1.Si ' en Sección 4, pregunta 21a.","DDI_PRECONDITION_NEEDS_MAPPING","Map quoted question and response codes to source columns; calculate local eligible denominator.","Excluded from candidate by global L-80; raw untouched","None in this audit; data/persona.csv remains read-only","","","",""
"s04c_21a2","Sección 4: Empleo","96.2655","Personas de 7 años o más de edad","Respuesta a opción(es) ' Cualquier opción de respuesta ' en Sección 4, pregunta 21a1.","DDI_PRECONDITION_NEEDS_MAPPING","Map quoted question and response codes to source columns; calculate local eligible denominator.","Excluded from candidate by global L-80; raw untouched","None in this audit; data/persona.csv remains read-only","","","",""
"s04c_21b","Sección 4: Empleo","81.3404","Personas de 7 años o más de edad","Respuesta a opción(es) ' 2.No ' en Sección 4, pregunta 21a.","DDI_PRECONDITION_NEEDS_MAPPING","Map quoted question and response codes to source columns; calculate local eligible denominator.","Excluded from candidate by global L-80; raw untouched","None in this audit; data/persona.csv remains read-only","","","",""
"s04c_21b1","Sección 4: Empleo","99.3949","Personas de 7 años o más de edad","Respuesta a opción(es) ' 1.Si ' en Sección 4, pregunta 21b .","DDI_PRECONDITION_NEEDS_MAPPING","Map quoted question and response codes to source columns; calculate local eligible denominator.","Excluded from candidate by global L-80; raw untouched","None in this audit; data/persona.csv remains read-only","","","",""
"s04c_21b2","Sección 4: Empleo","99.3949","Personas de 7 años o más de edad","Respuesta a opción(es) ' Cualquier opción de respuesta ' en Sección 4, pregunta 21b1.","DDI_PRECONDITION_NEEDS_MAPPING","Map quoted question and response codes to source columns; calculate local eligible denominator.","Excluded from candidate by global L-80; raw untouched","None in this audit; data/persona.csv remains read-only","","","",""
"s04c_21c","Sección 4: Empleo","81.3404","Personas de 7 años o más de edad","Respuesta a opción(es) ' 2.No ' en Sección 4, pregunta 21b .","DDI_PRECONDITION_NEEDS_MAPPING","Map quoted question and response codes to source columns; calculate local eligible denominator.","Excluded from candidate by global L-80; raw untouched","None in this audit; data/persona.csv remains read-only","","","",""
"s04c_21c1","Sección 4: Empleo","98.0555","Personas de 7 años o más de edad","Respuesta a opción(es) ' 1.Si ' en Sección 4, pregunta 21c.","DDI_PRECONDITION_NEEDS_MAPPING","Map quoted question and response codes to source columns; calculate local eligible denominator.","Excluded from candidate by global L-80; raw untouched","None in this audit; data/persona.csv remains read-only","","","",""
"s04c_21c2","Sección 4: Empleo","98.0555","Personas de 7 años o más de edad","Respuesta a opción(es) ' Cualquier opción de respuesta ' en Sección 4, pregunta 21c1.","DDI_PRECONDITION_NEEDS_MAPPING","Map quoted question and response codes to source columns; calculate local eligible denominator.","Excluded from candidate by global L-80; raw untouched","None in this audit; data/persona.csv remains read-only","","","",""
"s04c_21d","Sección 4: Empleo","81.3404","Personas de 7 años o más de edad","Respuesta a opción(es) ' 2.No ' en Sección 4, pregunta 21c.","DDI_PRECONDITION_NEEDS_MAPPING","Map quoted question and response codes to source columns; calculate local eligible denominator.","Excluded from candidate by global L-80; raw untouched","None in this audit; data/persona.csv remains read-only","","","",""
"s04c_21d1","Sección 4: Empleo","99.2177","Personas de 7 años o más de edad","Respuesta a opción(es) ' 1.Si ' en Sección 4, pregunta 21d.","DDI_PRECONDITION_NEEDS_MAPPING","Map quoted question and response codes to source columns; calculate local eligible denominator.","Excluded from candidate by global L-80; raw untouched","None in this audit; data/persona.csv remains read-only","","","",""
"s04c_21d2","Sección 4: Empleo","99.2177","Personas de 7 años o más de edad","Respuesta a opción(es) ' Cualquier opción de respuesta ' en Sección 4, pregunta 21d1.","DDI_PRECONDITION_NEEDS_MAPPING","Map quoted question and response codes to source columns; calculate local eligible denominator.","Excluded from candidate by global L-80; raw untouched","None in this audit; data/persona.csv remains read-only","","","",""
"s04c_21e","Sección 4: Empleo","81.3404","Personas de 7 años o más de edad","Respuesta a opción(es) ' 2. No ' en Sección 4, pregunta 21d.","DDI_PRECONDITION_NEEDS_MAPPING","Map quoted question and response codes to source columns; calculate local eligible denominator.","Excluded from candidate by global L-80; raw untouched","None in this audit; data/persona.csv remains read-only","","","",""
"s04c_21e1","Sección 4: Empleo","99.962","Personas de 7 años o más de edad","Respuesta a opción(es) ' 1.Si ' en Sección 4, pregunta 21e.","DDI_PRECONDITION_NEEDS_MAPPING","Map quoted question and response codes to source columns; calculate local eligible denominator.","Excluded from candidate by global L-80; raw untouched","None in this audit; data/persona.csv remains read-only","","","",""
"s04c_21e2","Sección 4: Empleo","99.962","Personas de 7 años o más de edad","Respuesta a opción(es) ' Cualquier opción de respuesta ' en Sección 4, pregunta 21e1.","DDI_PRECONDITION_NEEDS_MAPPING","Map quoted question and response codes to source columns; calculate local eligible denominator.","Excluded from candidate by global L-80; raw untouched","None in this audit; data/persona.csv remains read-only","","","",""
"s04d_23ab","Sección 4: Empleo","80.2871","Personas de 7 años o más de edad","","UNIVERSE_PENDING","Retain in master; identify and validate eligible universe before any L-80 decision.","Excluded from candidate by global L-80; raw untouched","None in this audit; data/persona.csv remains read-only","","","",""
"s04d_23bb","Sección 4: Empleo","93.8173","Personas de 7 años o más de edad","","UNIVERSE_PENDING","Retain in master; identify and validate eligible universe before any L-80 decision.","Excluded from candidate by global L-80; raw untouched","None in this audit; data/persona.csv remains read-only","","","",""
"s04d_23cb","Sección 4: Empleo","98.1796","Personas de 7 años o más de edad","","UNIVERSE_PENDING","Retain in master; identify and validate eligible universe before any L-80 decision.","Excluded from candidate by global L-80; raw untouched","None in this audit; data/persona.csv remains read-only","","","",""
"s04d_23db","Sección 4: Empleo","95.6756","Personas de 7 años o más de edad","","UNIVERSE_PENDING","Retain in master; identify and validate eligible universe before any L-80 decision.","Excluded from candidate by global L-80; raw untouched","None in this audit; data/persona.csv remains read-only","","","",""
"s04d_23eb","Sección 4: Empleo","91.4753","Personas de 7 años o más de edad","","UNIVERSE_PENDING","Retain in master; identify and validate eligible universe before any L-80 decision.","Excluded from candidate by global L-80; raw untouched","None in this audit; data/persona.csv remains read-only","","","",""
"s04d_23fb","Sección 4: Empleo","98.9721","Personas de 7 años o más de edad","","UNIVERSE_PENDING","Retain in master; identify and validate eligible universe before any L-80 decision.","Excluded from candidate by global L-80; raw untouched","None in this audit; data/persona.csv remains read-only","","","",""
"s04d_23gb","Sección 4: Empleo","95.2401","Personas de 7 años o más de edad","","UNIVERSE_PENDING","Retain in master; identify and validate eligible universe before any L-80 decision.","Excluded from candidate by global L-80; raw untouched","None in this audit; data/persona.csv remains read-only","","","",""
"s04d_23hb","Sección 4: Empleo","96.4326","Personas de 7 años o más de edad","","UNIVERSE_PENDING","Retain in master; identify and validate eligible universe before any L-80 decision.","Excluded from candidate by global L-80; raw untouched","None in this audit; data/persona.csv remains read-only","","","",""
"s04d_24ba","Sección 4: Empleo","94.4224","Personas de 7 años o más de edad","ENCUESTADOR/A REVISE LA PREG. 10a 1. ACTIVIDAD AGRÍCOLA, CRÍA DE ANIMALES, CAZA, PESCA O RECOLECCIÓN O PRODUCTOS DERIVADOS (SOLO ALIMENTOS) PASE A PREG. 24b.","DDI_PRECONDITION_NEEDS_MAPPING","Map quoted question and response codes to source columns; calculate local eligible denominator.","Excluded from candidate by global L-80; raw untouched","None in this audit; data/persona.csv remains read-only","","","",""
"s04d_24bb","Sección 4: Empleo","95.2579","Personas de 7 años o más de edad","","UNIVERSE_PENDING","Retain in master; identify and validate eligible universe before any L-80 decision.","Excluded from candidate by global L-80; raw untouched","None in this audit; data/persona.csv remains read-only","","","",""
"s04d_24bc","Sección 4: Empleo","95.2579","Personas de 7 años o más de edad","","UNIVERSE_PENDING","Retain in master; identify and validate eligible universe before any L-80 decision.","Excluded from candidate by global L-80; raw untouched","None in this audit; data/persona.csv remains read-only","","","",""
"s04e_26_cod","Sección 4: Empleo","96.5643","Not specified in DDI","","DDI_RULE_CHECKED_AGAINST_LOCAL","DDI sequence after s04e_25=1; eligible=1356; answered=1356; 1 coded value outside filter; retain and create scoped analysis view.","Excluded from candidate by global L-80; raw untouched","None in this audit; data/persona.csv remains read-only","","","",""
"s04e_27","Sección 4: Empleo","96.5643","Personas de 7 años o más de edad","","UNIVERSE_PENDING","Retain in master; identify and validate eligible universe before any L-80 decision.","Excluded from candidate by global L-80; raw untouched","None in this audit; data/persona.csv remains read-only","","","",""
"s04e_28","Sección 4: Empleo","99.6531","Personas de 7 años o más de edad","Respuesta a opción(es) ' 1,2 y 7 ' en Sección 4, pregunta 27.","DDI_RULE_CHECKED_AGAINST_LOCAL","DDI s04e_25=1 and s04e_27 in {1,2,7}; eligible=138; answered=137; missing=1; retain and create scoped analysis view.","Excluded from candidate by global L-80; raw untouched","None in this audit; data/persona.csv remains read-only","","","",""
"s04e_29","Sección 4: Empleo","96.5643","Personas de 7 años o más de edad","","UNIVERSE_PENDING","Retain in master; identify and validate eligible universe before any L-80 decision.","Excluded from candidate by global L-80; raw untouched","None in this audit; data/persona.csv remains read-only","","","",""
"s04e_30a","Sección 4: Empleo","96.5643","Personas de 7 años o más de edad","","UNIVERSE_PENDING","Retain in master; identify and validate eligible universe before any L-80 decision.","Excluded from candidate by global L-80; raw untouched","None in this audit; data/persona.csv remains read-only","","","",""
"s04e_30b","Sección 4: Empleo","96.5643","Personas de 7 años o más de edad","","UNIVERSE_PENDING","Retain in master; identify and validate eligible universe before any L-80 decision.","Excluded from candidate by global L-80; raw untouched","None in this audit; data/persona.csv remains read-only","","","",""
"s04f_31a","Sección 4: Empleo","99.6633","Personas de 7 años o más de edad","","HYPOTHESIS_PENDING","Retain; validate salary eligibility filter against questionnaire before calculating eligible missingness.","Excluded from candidate by global L-80; raw untouched","None in this audit; data/persona.csv remains read-only","","","",""
"s04f_31b","Sección 4: Empleo","99.6633","Personas de 7 años o más de edad","","UNIVERSE_PENDING","Retain in master; identify and validate eligible universe before any L-80 decision.","Excluded from candidate by global L-80; raw untouched","None in this audit; data/persona.csv remains read-only","","","",""
"s04f_32a","Sección 4: Empleo","99.6633","Personas de 7 años o más de edad","","UNIVERSE_PENDING","Retain in master; identify and validate eligible universe before any L-80 decision.","Excluded from candidate by global L-80; raw untouched","None in this audit; data/persona.csv remains read-only","","","",""
"s04f_32a1","Sección 4: Empleo","99.9924","Personas de 7 años o más de edad","Respuesta a opción(es) ' 1.Si ' en Sección 4, pregunta 32a.","DDI_PRECONDITION_NEEDS_MAPPING","Map quoted question and response codes to source columns; calculate local eligible denominator.","Excluded from candidate by global L-80; raw untouched","None in this audit; data/persona.csv remains read-only","","","",""
"s04f_32b","Sección 4: Empleo","99.6633","Personas de 7 años o más de edad","","UNIVERSE_PENDING","Retain in master; identify and validate eligible universe before any L-80 decision.","Excluded from candidate by global L-80; raw untouched","None in this audit; data/persona.csv remains read-only","","","",""
"s04f_32b1","Sección 4: Empleo","99.9671","Personas de 7 años o más de edad","Respuesta a opción(es) ' 1.Si ' en Sección 4, pregunta 32b.","DDI_PRECONDITION_NEEDS_MAPPING","Map quoted question and response codes to source columns; calculate local eligible denominator.","Excluded from candidate by global L-80; raw untouched","None in this audit; data/persona.csv remains read-only","","","",""
"s04f_32c","Sección 4: Empleo","99.6633","Personas de 7 años o más de edad","","UNIVERSE_PENDING","Retain in master; identify and validate eligible universe before any L-80 decision.","Excluded from candidate by global L-80; raw untouched","None in this audit; data/persona.csv remains read-only","","","",""
"s04f_32c1","Sección 4: Empleo","99.9899","Personas de 7 años o más de edad","Respuesta a opción(es) ' 1.Si ' en Sección 4, pregunta 32c.","DDI_PRECONDITION_NEEDS_MAPPING","Map quoted question and response codes to source columns; calculate local eligible denominator.","Excluded from candidate by global L-80; raw untouched","None in this audit; data/persona.csv remains read-only","","","",""
"s04f_33a","Sección 4: Empleo","97.7644","Personas de 7 años o más de edad","","UNIVERSE_PENDING","Retain in master; identify and validate eligible universe before any L-80 decision.","Excluded from candidate by global L-80; raw untouched","None in this audit; data/persona.csv remains read-only","","","",""
"s04f_33b","Sección 4: Empleo","97.9821","Personas de 7 años o más de edad","","UNIVERSE_PENDING","Retain in master; identify and validate eligible universe before any L-80 decision.","Excluded from candidate by global L-80; raw untouched","None in this audit; data/persona.csv remains read-only","","","",""
"s04f_34a","Sección 4: Empleo","97.7669","Personas de 7 años o más de edad","","UNIVERSE_PENDING","Retain in master; identify and validate eligible universe before any L-80 decision.","Excluded from candidate by global L-80; raw untouched","None in this audit; data/persona.csv remains read-only","","","",""
"s04f_34b","Sección 4: Empleo","97.9821","Personas de 7 años o más de edad","","UNIVERSE_PENDING","Retain in master; identify and validate eligible universe before any L-80 decision.","Excluded from candidate by global L-80; raw untouched","None in this audit; data/persona.csv remains read-only","","","",""
"s04f_34ba","Sección 4: Empleo","99.1164","Personas de 7 años o más de edad","ENCUESTADOR/A REVISE LA PREG. 26. ACTIVIDAD AGRÍCOLA, CRÍA DE ANIMALES, CAZA, PESCA O RECOLECCIÓN O PRODUCTOS DERIVADOS (SOLO ALIMENTOS) PASE A PREG. 34b.","DDI_PRECONDITION_NEEDS_MAPPING","Map quoted question and response codes to source columns; calculate local eligible denominator.","Excluded from candidate by global L-80; raw untouched","None in this audit; data/persona.csv remains read-only","","","",""
"s04f_34bb","Sección 4: Empleo","99.2506","Personas de 7 años o más de edad","","UNIVERSE_PENDING","Retain in master; identify and validate eligible universe before any L-80 decision.","Excluded from candidate by global L-80; raw untouched","None in this audit; data/persona.csv remains read-only","","","",""
"s04f_34bc","Sección 4: Empleo","99.2506","Personas de 7 años o más de edad","","UNIVERSE_PENDING","Retain in master; identify and validate eligible universe before any L-80 decision.","Excluded from candidate by global L-80; raw untouched","None in this audit; data/persona.csv remains read-only","","","",""
"s04f_36","Sección 4: Empleo","85.9635","Personas de 7 años o más de edad","Respuesta a opción(es) ' 1.Si ' en Sección 4, pregunta 35.","DDI_PRECONDITION_NEEDS_MAPPING","Map quoted question and response codes to source columns; calculate local eligible denominator.","Excluded from candidate by global L-80; raw untouched","None in this audit; data/persona.csv remains read-only","","","",""
"s05a_01b","Sección 5: Ingresos no laborales del hogar","86.9155","Personas de 60 años o más de edad","","UNIVERSE_PENDING","Retain in master; identify and validate eligible universe before any L-80 decision.","Excluded from candidate by global L-80; raw untouched","None in this audit; data/persona.csv remains read-only","","","",""
"s05a_01e","Sección 5: Ingresos no laborales del hogar","86.9205","Personas de 7 años o más de edad","","UNIVERSE_PENDING","Retain in master; identify and validate eligible universe before any L-80 decision.","Excluded from candidate by global L-80; raw untouched","None in this audit; data/persona.csv remains read-only","","","",""
"s05a_01e0","Sección 5: Ingresos no laborales del hogar","87.7155","Personas de 7 años o más de edad","Respuesta a opción(es) ' 1.Si ' en Sección 5, pregunta 1e. .","DDI_PRECONDITION_NEEDS_MAPPING","Map quoted question and response codes to source columns; calculate local eligible denominator.","Excluded from candidate by global L-80; raw untouched","None in this audit; data/persona.csv remains read-only","","","",""
"s05a_01f","Sección 5: Ingresos no laborales del hogar","87.7155","Personas de 7 años o más de edad","Respuesta a opción(es) ' 1.Si ' en Sección 5, pregunta 1e.","DDI_PRECONDITION_NEEDS_MAPPING","Map quoted question and response codes to source columns; calculate local eligible denominator.","Excluded from candidate by global L-80; raw untouched","None in this audit; data/persona.csv remains read-only","","","",""
"s05a_02ce","Sección 5: Ingresos no laborales del hogar","99.9089","Personas de18 años o más de edad","","UNIVERSE_PENDING","Retain in master; identify and validate eligible universe before any L-80 decision.","Excluded from candidate by global L-80; raw untouched","None in this audit; data/persona.csv remains read-only","","","",""
"s05b_05ab","Sección 5: Ingresos no laborales del hogar","97.1264","Todos los miembros del hogar","","UNIVERSE_PENDING","Retain in master; identify and validate eligible universe before any L-80 decision.","Excluded from candidate by global L-80; raw untouched","None in this audit; data/persona.csv remains read-only","","","",""
"s05b_05bb","Sección 5: Ingresos no laborales del hogar","95.5668","Todos los miembros del hogar","","UNIVERSE_PENDING","Retain in master; identify and validate eligible universe before any L-80 decision.","Excluded from candidate by global L-80; raw untouched","None in this audit; data/persona.csv remains read-only","","","",""
"s05b_05cb","Sección 5: Ingresos no laborales del hogar","95.544","Todos los miembros del hogar","","UNIVERSE_PENDING","Retain in master; identify and validate eligible universe before any L-80 decision.","Excluded from candidate by global L-80; raw untouched","None in this audit; data/persona.csv remains read-only","","","",""
"s05b_06ab","Sección 5: Ingresos no laborales del hogar","99.6354","Todos los miembros del hogar","","UNIVERSE_PENDING","Retain in master; identify and validate eligible universe before any L-80 decision.","Excluded from candidate by global L-80; raw untouched","None in this audit; data/persona.csv remains read-only","","","",""
"s05b_06ae","Sección 5: Ingresos no laborales del hogar","99.6354","Todos los miembros del hogar","","UNIVERSE_PENDING","Retain in master; identify and validate eligible universe before any L-80 decision.","Excluded from candidate by global L-80; raw untouched","None in this audit; data/persona.csv remains read-only","","","",""
"s05b_06bb","Sección 5: Ingresos no laborales del hogar","99.5924","Todos los miembros del hogar","","UNIVERSE_PENDING","Retain in master; identify and validate eligible universe before any L-80 decision.","Excluded from candidate by global L-80; raw untouched","None in this audit; data/persona.csv remains read-only","","","",""
"s05b_06be","Sección 5: Ingresos no laborales del hogar","99.5822","Todos los miembros del hogar","","UNIVERSE_PENDING","Retain in master; identify and validate eligible universe before any L-80 decision.","Excluded from candidate by global L-80; raw untouched","None in this audit; data/persona.csv remains read-only","","","",""
"s05c_08","Sección 5: Ingresos no laborales del hogar","97.9644","Personas de 7 años o más de edad","","UNIVERSE_PENDING","Retain in master; identify and validate eligible universe before any L-80 decision.","Excluded from candidate by global L-80; raw untouched","None in this audit; data/persona.csv remains read-only","","","",""
"s05c_09a","Sección 5: Ingresos no laborales del hogar","97.9568","Personas de 7 años o más de edad","","UNIVERSE_PENDING","Retain in master; identify and validate eligible universe before any L-80 decision.","Excluded from candidate by global L-80; raw untouched","None in this audit; data/persona.csv remains read-only","","","",""
"s05c_09b","Sección 5: Ingresos no laborales del hogar","98.0859","Personas de 7 años o más de edad","","UNIVERSE_PENDING","Retain in master; identify and validate eligible universe before any L-80 decision.","Excluded from candidate by global L-80; raw untouched","None in this audit; data/persona.csv remains read-only","","","",""
"s05c_09e","Extensión local; no pertenece a F27 oficial","99.9823","Not specified in DDI","","LOCAL_EXTENSION_NO_OFFICIAL_CONTRACT","Retain; resolve provenance and local meaning.","Excluded from candidate by global L-80; raw untouched","None in this audit; data/persona.csv remains read-only","","","",""
"s05c_10","Sección 5: Ingresos no laborales del hogar","97.9669","Personas de 7 años o más de edad","","UNIVERSE_PENDING","Retain in master; identify and validate eligible universe before any L-80 decision.","Excluded from candidate by global L-80; raw untouched","None in this audit; data/persona.csv remains read-only","","","",""
"caeb_os","Variables geográficas, de diseño o derivadas","96.5643","Personas de 7 años o más de edad","","UNIVERSE_PENDING","Retain in master; identify and validate eligible universe before any L-80 decision.","Excluded from candidate by global L-80; raw untouched","None in this audit; data/persona.csv remains read-only","","","",""
"shrs","Variables geográficas, de diseño o derivadas","96.5643","Personas de 7 años o más de edad","","UNIVERSE_PENDING","Retain in master; identify and validate eligible universe before any L-80 decision.","Excluded from candidate by global L-80; raw untouched","None in this audit; data/persona.csv remains read-only","","","",""
"yseclab","Variables geográficas, de diseño o derivadas","97.6555","Personas de 7 años o más de edad","","UNIVERSE_PENDING","Retain in master; identify and validate eligible universe before any L-80 decision.","Excluded from candidate by global L-80; raw untouched","None in this audit; data/persona.csv remains read-only","","","",""
"quienatenparto","Variables geográficas, de diseño o derivadas","93.1362","Mujeres entre 13 a 50 años de edad","","UNIVERSE_PENDING","Retain in master; identify and validate eligible universe before any L-80 decision.","Excluded from candidate by global L-80; raw untouched","None in this audit; data/persona.csv remains read-only","","","",""
"educ_prev","Variables geográficas, de diseño o derivadas","94.1844","Personas de 16 años o más de edad","","UNIVERSE_PENDING","Retain in master; identify and validate eligible universe before any L-80 decision.","Excluded from candidate by global L-80; raw untouched","None in this audit; data/persona.csv remains read-only","","","",""
